RollNo,Name,College,Sem1,Sem2,Sem3,Sem4,Total,Percentage
17015570046,MANALI DATTA,Deen Dayal Upadhyaya College,389/500,322/500,392/650,449/650,1552/2300,67.47826086956522
17015570047,SAKSHI SINGHAL,Deen Dayal Upadhyaya College,384/500,366/500,492/650,409/650,1651/2300,71.78260869565217
17015570048,VINEET KUMAR,Deen Dayal Upadhyaya College,419/500,411/500,561/650,548/650,1939/2300,84.30434782608695
17015570049,HARSHITA,Deen Dayal Upadhyaya College,387/500,330/500,393/650,440/650,1550/2300,67.3913043478261
