RollNo,Name,College,Sem1,Sem2,Sem3,Average
18047507003,PRIYANKA GHOSH,Miranda House,7.91,6.73,7.14,7.260000000000001
18047507006,SIKHA JANA,Miranda House,7.18,7,6.79,6.989999999999999
18047507002,HARSHITA BISWAS,Miranda House,7.36,6.64,6.43,6.81
18047507001,ARPITA MAJI,Miranda House,7.36,6.45,6.36,6.723333333333334
18047507004,RIMI BARMAN,Miranda House,6.36,6.27,6.57,6.3999999999999995
18047507005,RIMPA DAS,Miranda House,7.09,5.91,5.71,6.236666666666667
