RollNo,Name,College,Sem1,Sem2,Sem3,Sem4,Sem5,Sem6,Total,Percentage
16085525001,ADEEBA BEGUM,Zakir Husain Delhi College (Day),198/400,208/400,284/500,294/500,231/400,257/400,1472/2600,56.61538461538461
16085525004,MINHAJUL HAQUE,Zakir Husain Delhi College (Day),132/400,99/400,153/500,131/500,,,515/1800,28.61111111111111
16085525007,MOHD TEHSIN,Zakir Husain Delhi College (Day),195/400,208/400,353/500,360/500,212/400,275/400,1603/2600,61.65384615384615
16085525009,RIYASAT ALI KHAN,Zakir Husain Delhi College (Day),145/400,113/400,138/500,131/500,,,527/1800,29.27777777777778
16085525010,S M ALI RIZVI,Zakir Husain Delhi College (Day),288/400,245/400,388/500,436/500,309/400,336/400,2002/2600,77.0
16085525011,SADAF,Zakir Husain Delhi College (Day),270/400,312/400,344/500,393/500,316/400,314/400,1949/2600,74.96153846153847
16085525013,TABASSUM,Zakir Husain Delhi College (Day),191/400,237/400,295/500,317/500,266/400,260/400,1566/2600,60.23076923076923
