RollNo,Name,College,Sem1,Sem2,Sem3,Average
18033104001,AARTI KUMARI,Kalindi College,8.33,8.0,8.0,8.11
18033104007,MENKA,Kalindi College,8.33,7.33,8.0,7.886666666666668
18033104006,DAMINI SHARMA,Kalindi College,8.67,7.67,7.0,7.78
18033104008,DEEPIKA VERMA,Kalindi College,7.67,7.67,8.0,7.78
18033104005,ARCHI RAJAK,Kalindi College,8.0,7.33,8.0,7.776666666666666
18033104003,CHANDNI,Kalindi College,8.33,7.33,7.5,7.72
18033104004,SHOBHINI CHAUHAN,Kalindi College,7.67,7.33,7.5,7.5
18033104009,SIMRAN GUGGA,Kalindi College,8.33,6.33,7.5,7.386666666666668
18033104011,CHHAYA,Kalindi College,7.67,7.33,6.5,7.166666666666668
