RollNo,Name,College,Sem1,Sem2,Sem3,Total,Percentage
18026523002,PIYUSH KUMAR,Hindu College,221/400,259/400,267/500,747/1300,57.46153846153846
18026523006,KUNAL SAINI,Hindu College,217/400,242/400,268/500,727/1300,55.92307692307692
18026523005,ABHISHEK LODHI,Hindu College,190/400,206/400,276/500,672/1300,51.69230769230769
18026523004,RIDHI,Hindu College,182/400,176/400,203/500,561/1300,43.15384615384615
18026523009,ARUN KUMAR,Hindu College,178/400,206/400,186/550,570/1350,42.22222222222222
18026523008,MANJOT SINGH,Hindu College,144/400,178/400,221/500,543/1300,41.76923076923077
18026523003,ARYAN SHARMA,Hindu College,141/400,140/400,228/500,509/1300,39.15384615384615
