RollNo,Name,College,Sem1,Sem2,Sem3,Total,Percentage
18029523010,SHRUTI MAUSAM,I.P.College For Women,250/400,290/400,353/500,893/1300,68.6923076923077
18029523002,DONA LAKNI RAMALKA EDIRISINGHE,I.P.College For Women,200/400,184/400,322/500,706/1300,54.30769230769231
18029523001,ANKITA SAHA,I.P.College For Women,167/400,181/400,319/500,667/1300,51.30769230769231
18029523004,EESHA SEKHRI,I.P.College For Women,210/400,216/400,233/500,659/1300,50.69230769230769
18029523003,HUMA RAHIMI,I.P.College For Women,193/400,166/400,265/500,624/1300,48.0
18029523007,ROSHNI,I.P.College For Women,140/400,150/400,149/500,439/1300,33.76923076923077
