RollNo,Name,College,Sem1,Total,Percentage
19001746003,MANSI SINGH,Acharya Narendra Dev College,317/450,317/450,70.44444444444444
19001746002,GAURAV MISHRA,Acharya Narendra Dev College,298/450,298/450,66.22222222222223
19001746001,AJAY CHAUHAN,Acharya Narendra Dev College,293/450,293/450,65.11111111111111
19001746004,PARUL SALUJA,Acharya Narendra Dev College,233/450,233/450,51.77777777777778
19001746005,POOJA,Acharya Narendra Dev College,183/450,183/450,40.666666666666664
