RollNo,Name,College,Sem1,Total,Percentage
19068746003,JASMINE KAUR,S.G.T.B. Khalsa College,322/450,322/450,71.55555555555556
19068746005,SALONI,S.G.T.B. Khalsa College,303/450,303/450,67.33333333333333
19068746002,JAISMIN SAINI,S.G.T.B. Khalsa College,295/450,295/450,65.55555555555556
19068746004,MUKESH,S.G.T.B. Khalsa College,231/450,231/450,51.333333333333336
19068746001,ANJANA,S.G.T.B. Khalsa College,220/450,220/450,48.888888888888886
