RollNo,Name,College,Sem1,Total,Percentage
19080746004,FEBA ANN MATHEW,St. Stephens College,332/450,332/450,73.77777777777777
19080746003,DRISHYA THOMAS,St. Stephens College,321/450,321/450,71.33333333333333
19080746002,DIYA P. JOHNY,St. Stephens College,312/450,312/450,69.33333333333333
19080746007,SANJNA RANA,St. Stephens College,301/450,301/450,66.88888888888889
19080746006,MERIN DAS,St. Stephens College,294/450,294/450,65.33333333333333
19080746001,ANANYA ELIZABETH VARGHESE,St. Stephens College,257/450,257/450,57.111111111111114
19080746008,VIVIN GEORGE,St. Stephens College,255/450,255/450,56.666666666666664
19080746005,GAURAV MEENA,St. Stephens College,202/450,202/450,44.888888888888886
