RollNo,Name,College,Sem1,Total,Percentage
19306746001,JATIN PATRA,Jubilee Hall,365/450,365/450,81.11111111111111
19306746006,DEV SEHGAL,Jubilee Hall,319/450,319/450,70.88888888888889
19306746002,RISHI PAL SHARMA,Jubilee Hall,307/450,307/450,68.22222222222223
19306746003,MAYANK JOSHI,Jubilee Hall,276/450,276/450,61.333333333333336
19306746004,DILESWAR BEHERA,Jubilee Hall,275/450,275/450,61.111111111111114
19306746005,HITESH NAHAR,Jubilee Hall,260/450,260/450,57.77777777777778
