RollNo,Name,College,Sem1,Total,Percentage
19306754001,PRASOON SHUKLA,e Hall,541/650,541/650,83.23076923076923
19306754003,AMIT RAJ,e Hall,505/650,505/650,77.6923076923077
19306754002,SOLOMON JEDIDIAH SYIEM,e Hall,498/650,498/650,76.61538461538461
