RollNo,Name,College,Sem1,Sem2,Sem3,Total,Percentage
18029544002,P. R. RADHIKA,I.P.College For Women,236/400,264/400,346/500,846/1300,65.07692307692308
18029544003,S. BHARGAVI,I.P.College For Women,237/400,273/400,327/500,837/1300,64.38461538461539
18029544001,DEVIKA VENUGOPAL,I.P.College For Women,216/400,219/400,304/500,739/1300,56.846153846153854
