RollNo,Name,College,Sem1,Sem2,Sem3,Sem4,Sem5,Average
17029544001,MIDHUNA S,I.P.College For Women,7.18,7.82,8.07,7.64,9.25,7.992000000000001
17029544002,V. ANANYA,I.P.College For Women,6.64,7.45,7.86,7.79,9.5,7.847999999999999
