RollNo,Name,College,Sem1,Sem2,Sem3,Average
18080529006,MONIKA,St. Stephens College,9.55,9.45,9.36,9.453333333333333
18080529001,ANUJ PANWAR,St. Stephens College,9.27,8.91,9.43,9.203333333333333
18080529009,VISHWAMBHARA,St. Stephens College,9.09,9.18,8.93,9.066666666666666
18080529002,ANVIKSHA,St. Stephens College,8.82,8.91,9,8.91
18080529005,MANU DEVI,St. Stephens College,8.27,8.45,7.79,8.17
18080529003,AVDHESH SHARMA,St. Stephens College,7.55,8,7.93,7.826666666666667
18080529007,SHREYA DUBEY,St. Stephens College,8.64,7.64,6.93,7.736666666666667
18080529008,VASUDHA SHARMA,St. Stephens College,6.73,6.36,7,6.696666666666666
