RollNo,Name,College,Sem1,Sem2,Sem3,Average
18026523002,PIYUSH KUMAR,Hindu College,6.27,7.82,5.79,6.626666666666666
18026523006,KUNAL SAINI,Hindu College,6.82,7.36,5.57,6.583333333333333
18026523005,ABHISHEK LODHI,Hindu College,5.55,5.82,6.07,5.8133333333333335
18026523004,RIDHI,Hindu College,4.91,5.27,4.57,4.916666666666667
18026523008,MANJOT SINGH,Hindu College,4.45,5.27,4.93,4.883333333333333
18026523009,ARUN KUMAR,Hindu College,5,5.73,3.57,4.766666666666667
18026523003,ARYAN SHARMA,Hindu College,3.73,3.91,5.14,4.260000000000001
