RollNo,Name,College,Sem1,Sem2,Sem3,Sem4,Total,Percentage
17047507001,ANJUSHREE BAGH,Miranda House,215/400,234/400,300/500,292/500,1041/1800,57.833333333333336
17047507002,PAYAL MAL,Miranda House,200/400,205/400,233/500,218/500,856/1800,47.55555555555556
17047507003,PREETILATA PATI,Miranda House,228/400,223/400,332/500,352/500,1135/1800,63.05555555555556
17047507004,SMRITI ROY,Miranda House,161/400,178/400,241/500,245/500,825/1800,45.833333333333336
