RollNo,Name,College,Sem1,Sem2,Sem3,Sem4,Total,Percentage
17085507001,AKASH BARMAN,Zakir Husain Delhi College (Day),114/400,120/400,136/500,146/500,516/1800,28.666666666666668
17085507002,BEDISHA SARKAR,Zakir Husain Delhi College (Day),221/400,259/400,354/500,325/500,1159/1800,64.38888888888889
17085507003,MUMTAZ PARVEEN,Zakir Husain Delhi College (Day),246/400,248/400,325/500,337/500,1156/1800,64.22222222222223
17085507004,SHAMIMA KHATUN,Zakir Husain Delhi College (Day),169/400,146/400,201/500,247/500,763/1800,42.388888888888886
17085507005,SK AMIN RAJA,Zakir Husain Delhi College (Day),166/400,110/400,97/500,153/500,526/1800,29.22222222222222
17085507006,SUPRITI ROY,Zakir Husain Delhi College (Day),226/400,227/400,332/500,316/500,1101/1800,61.166666666666664
17085507007,TANIYA BISWAS,Zakir Husain Delhi College (Day),178/400,188/400,236/500,227/500,829/1800,46.05555555555556
