RollNo,Name,College,Sem1,Total,Percentage
19056766002,SANOVAR DAYAL, College,437/600,437/600,72.83333333333333
19056766001,SNEHA BISHT, College,431/600,431/600,71.83333333333333
19056766003,SHIVANI PUNDIR, College,414/600,414/600,69.0
19056766005,AYUSHI KAUSHIK, College,403/600,403/600,67.16666666666667
19056766007,SURBHI YADAV, College,390/600,390/600,65.0
19056766004,RASHMI GOEL, College,376/600,376/600,62.666666666666664
19056766006,PANKAJ YADAV, College,371/600,371/600,61.833333333333336
19056766008,SNEHA SIWACH, College,299/600,299/600,49.833333333333336
19056766009,PRATIMA, College,289/600,289/600,48.166666666666664
