RollNo,Name,College,Sem1,Total,Percentage
19068766008,VIDUSHI DUBEY,S.G.T.B. Khalsa College,448/600,448/600,74.66666666666667
19068766002,JATIN,S.G.T.B. Khalsa College,419/600,419/600,69.83333333333333
19068766006,RAJAN,S.G.T.B. Khalsa College,413/600,413/600,68.83333333333333
19068766007,SNEHA YADAV,S.G.T.B. Khalsa College,405/600,405/600,67.5
19068766001,FARHEEN SHOWKAT,S.G.T.B. Khalsa College,381/600,381/600,63.5
19068766004,MUSHAHID SALMANI,S.G.T.B. Khalsa College,313/600,313/600,52.166666666666664
19068766003,MRINAL MAURYA,S.G.T.B. Khalsa College,302/600,302/600,50.333333333333336
19068766005,NEHA KUMARI,S.G.T.B. Khalsa College,300/600,300/600,50.0
