RollNo,Name,College,Sem1,Total,Percentage
19079766001,ANURAG JAGLAN,nkateswara College,464/600,464/600,77.33333333333333
19079766006,VAISHALLY,nkateswara College,442/600,442/600,73.66666666666667
19079766002,HARSHIT TALWANDI,nkateswara College,430/600,430/600,71.66666666666667
19079766007,WASIMA SULTANA,nkateswara College,417/600,417/600,69.5
19079766003,PRACHYA RAI,nkateswara College,415/600,415/600,69.16666666666667
19079766005,SRISHTY AKU,nkateswara College,409/600,409/600,68.16666666666667
19079766004,RASHI,nkateswara College,349/600,349/600,58.166666666666664
