RollNo,Name,College,Sem1,Total,Percentage
19306766001,SHIVAM GOYAL,Jubilee Hall,441/600,441/600,73.5
19306766002,AMIT KUMAR,Jubilee Hall,428/600,428/600,71.33333333333333
19306766003,MAINAK CHAKRABORTY,Jubilee Hall,378/600,378/600,63.0
19306766004,LOBSANG THINLAY,Jubilee Hall,299/600,299/600,49.833333333333336
