RollNo,Name,College,Sem1,Sem2,Sem3,Sem4,Total,Percentage
17085525001,AAMIR BAIG,Zakir Husain Delhi College (Day),254/400,273/400,322/500,331/500,1180/1800,65.55555555555556
17085525002,ANAM WARSI,Zakir Husain Delhi College (Day),258/400,322/400,342/500,284/500,1206/1800,67.0
17085525003,FARHEEN,Zakir Husain Delhi College (Day),189/400,253/400,273/500,200/500,915/1800,50.833333333333336
17085525004,FARHEEN NAAZ,Zakir Husain Delhi College (Day),165/400,227/400,273/500,261/500,926/1800,51.44444444444444
17085525006,MARIYA KHATOON,Zakir Husain Delhi College (Day),220/400,260/400,293/500,283/500,1056/1800,58.666666666666664
17085525007,MD MUNTAZIR ALAM,Zakir Husain Delhi College (Day),216/400,230/400,272/500,272/500,990/1800,55.0
17085525008,RAMSHA,Zakir Husain Delhi College (Day),172/400,205/400,290/500,340/500,1007/1800,55.94444444444444
17085525009,RUBY SHAHEEN,Zakir Husain Delhi College (Day),200/400,255/400,274/500,287/500,1016/1800,56.44444444444444
17085525010,SANIA,Zakir Husain Delhi College (Day),179/400,230/400,253/500,209/500,871/1800,48.388888888888886
