RollNo,Name,College,Sem1,Sem2,Sem3,Sem4,Total,Percentage
17086525001,MOHD ARIF,Zakir Husain College (Eve),232/400,205/400,293/500,316/500,1046/1800,58.111111111111114
17086525002,ABDUL AJIJ,Zakir Husain College (Eve),202/400,157/400,193/500,220/500,772/1800,42.888888888888886
17086525003,ABDULLAH KHAN,Zakir Husain College (Eve),204/400,141/400,233/500,220/500,798/1800,44.333333333333336
17086525004,AKBAR ALI,Zakir Husain College (Eve),134/400,193/400,168/500,194/500,689/1800,38.27777777777778
17086525005,SIDRA MEHDI,Zakir Husain College (Eve),224/400,223/400,220/500,234/500,901/1800,50.05555555555556
17086525006,SYED ALI SAHIL NAQVI,Zakir Husain College (Eve),200/400,188/400,224/500,249/500,861/1800,47.833333333333336
17086525007,JAGJEET KUMAR,Zakir Husain College (Eve),58/400,124/400,,,182/800,22.75
17086525010,ZUBAIR AHMAD,Zakir Husain College (Eve),146/400,134/400,,,280/800,35.0
