RollNo,Name,College,Sem1,Sem2,Sem3,Sem4,Sem5,Total,Percentage
17086525001,MOHD ARIF,Zakir Husain College (Eve),232/400,205/400,293/500,316/500,292/400,1338/2200,60.81818181818182
17086525003,ABDULLAH KHAN,Zakir Husain College (Eve),204/400,141/400,260/500,220/500,268/400,1093/2200,49.68181818181818
17086525004,AKBAR ALI,Zakir Husain College (Eve),134/400,193/400,152/500,194/500,247/400,920/2200,41.81818181818182
17086525005,SIDRA MEHDI,Zakir Husain College (Eve),224/400,223/400,220/500,234/500,219/400,1120/2200,50.90909090909091
17086525006,SYED ALI SAHIL NAQVI,Zakir Husain College (Eve),200/400,188/400,234/500,249/500,203/400,1074/2200,48.81818181818182
