RollNo,Name,College,Sem1,Sem2,Sem3,Average
18029544002,P. R. RADHIKA,I.P.College For Women,6.27,7.55,7.29,7.036666666666666
18029544003,S. BHARGAVI,I.P.College For Women,6.82,7.27,6.21,6.7666666666666675
18029544001,DEVIKA VENUGOPAL,I.P.College For Women,5.82,6.09,6.64,6.183333333333334
