RollNo,Name,College,Sem1,Sem2,Sem3,Total,Percentage
18080529006,MONIKA,St. Stephens College,343/400,356/400,459/500,1158/1300,89.07692307692308
18080529002,ANVIKSHA,St. Stephens College,330/400,340/400,436/500,1106/1300,85.07692307692308
18080529001,ANUJ PANWAR,St. Stephens College,333/400,329/400,439/500,1101/1300,84.6923076923077
18080529009,VISHWAMBHARA,St. Stephens College,331/400,346/400,424/500,1101/1300,84.6923076923077
18080529005,MANU DEVI,St. Stephens College,346/450,367/450,401/550,1114/1450,76.82758620689656
18080529003,AVDHESH SHARMA,St. Stephens College,277/400,301/400,376/500,954/1300,73.38461538461539
18080529007,SHREYA DUBEY,St. Stephens College,299/400,290/400,323/500,912/1300,70.15384615384616
18080529008,VASUDHA SHARMA,St. Stephens College,239/400,239/400,309/500,787/1300,60.53846153846154
