RollNo,Name,College,Sem1,Sem2,Sem3,Total,Percentage
18086525002,TASLEEM AHMED,Zakir Husain College (Eve),218/400,232/400,349/500,799/1300,61.46153846153846
18086525001,MOHAMMAD UBAID,Zakir Husain College (Eve),176/400,230/400,212/500,618/1300,47.53846153846154
