RollNo,Name,College,Sem1,Total,Percentage
19036745004,HEMAL BHALLA,Kirori Mal College,495/600,495/600,82.5
19036745001,AKANSHA JAISWAL,Kirori Mal College,474/600,474/600,79.0
19036745002,ARZOO DHANKHAR,Kirori Mal College,454/600,454/600,75.66666666666667
19036745003,HARSHITA,Kirori Mal College,434/600,434/600,72.33333333333333
19036745006,RAJNI JANGRA,Kirori Mal College,402/600,402/600,67.0
19036745005,MEGHA,Kirori Mal College,373/600,373/600,62.166666666666664
19036745007,SONAM PALDON,Kirori Mal College,314/600,314/600,52.333333333333336
