RollNo,Name,College,Sem1,Total,Percentage
19056745002,MOHIT KUMAR, College,470/600,470/600,78.33333333333333
19056745003,ADEEB, College,463/600,463/600,77.16666666666667
19056745004,SAMIKSHA SHARMA, College,450/600,450/600,75.0
19056745009,HIMANI THAREJA, College,439/600,439/600,73.16666666666667
19056745005,RUSHMIKA RAWAT, College,430/600,430/600,71.66666666666667
19056745008,AKASH KUMAR, College,428/600,428/600,71.33333333333333
19056745006,PRIYANSHI, College,409/600,409/600,68.16666666666667
19056745001,MUKUL YADAV, College,403/600,403/600,67.16666666666667
19056745007,YOGESH BORIWAL, College,370/600,370/600,61.666666666666664
