RollNo,Name,College,Sem1,Total,Percentage
19068745003,MUSKAAN GUPTA,S.G.T.B. Khalsa College,469/600,469/600,78.16666666666667
19068745002,KAVITA DEVI,S.G.T.B. Khalsa College,421/600,421/600,70.16666666666667
19068745001,ANJALI M,S.G.T.B. Khalsa College,394/600,394/600,65.66666666666667
