RollNo,Name,College,Sem1,Total,Percentage
19306745002,ANUBHAV SAHU,Jubilee Hall,461/600,461/600,76.83333333333333
19306745001,DEEPAK MEENA,Jubilee Hall,355/600,355/600,59.166666666666664
