RollNo,Name,College,Sem1,Sem2,Sem3,Total,Percentage
18056592003,HARI MOHAN,Ramjas College,286/400,254/400,309/500,849/1300,65.3076923076923
18056592002,PIYUSH,Ramjas College,239/400,206/400,303/500,748/1300,57.53846153846154
18056592001,BASANT SINGH,Ramjas College,247/400,267/400,143/500,657/1300,50.53846153846154
18056592005,SAHIL KUMAR,Ramjas College,169/400,127/400,219/500,515/1300,39.61538461538461
