RollNo,Name,College,Sem1,Sem2,Sem3,Average
18056592003,HARI MOHAN,Ramjas College,7.82,6.91,6.57,7.1000000000000005
18056592002,PIYUSH,Ramjas College,6.55,5.73,6.71,6.330000000000001
18056592001,BASANT SINGH,Ramjas College,6.45,7.27,2.79,5.503333333333333
18056592005,SAHIL KUMAR,Ramjas College,5,3,4.43,4.1433333333333335
