RollNo,Name,College,Sem1,Sem2,Sem3,Total,Percentage
18047507003,PRIYANKA GHOSH,Miranda House,293/400,258/400,338/500,889/1300,68.38461538461539
18047507006,SIKHA JANA,Miranda House,260/400,255/400,311/500,826/1300,63.53846153846154
18047507002,HARSHITA BISWAS,Miranda House,276/400,252/400,296/500,824/1300,63.38461538461539
18047507001,ARPITA MAJI,Miranda House,272/400,233/400,286/500,791/1300,60.84615384615385
18047507004,RIMI BARMAN,Miranda House,246/400,236/400,300/500,782/1300,60.15384615384615
18047507005,RIMPA DAS,Miranda House,263/400,204/400,294/500,761/1300,58.53846153846154
