RollNo,Name,College,Sem1,Sem2,Sem3,Total,Percentage
18085507003,ITISHA PANJA,Zakir Husain Delhi College (Day),217/400,253/400,301/500,771/1300,59.30769230769231
18085507004,PRITY MAITY,Zakir Husain Delhi College (Day),215/400,228/400,320/500,763/1300,58.69230769230769
18085507002,BARSHA DAS,Zakir Husain Delhi College (Day),201/400,222/400,292/500,715/1300,55.0
18085507006,SNIGDHA CHAKRABORTY,Zakir Husain Delhi College (Day),232/400,171/400,241/500,644/1300,49.53846153846154
18085507005,SAFIQUE AHAMMED BHANDARY,Zakir Husain Delhi College (Day),176/400,209/400,230/500,615/1300,47.30769230769231
