RollNo,Name,College,Sem1,Sem2,Sem3,Total,Percentage
18080526005,SHABNAM SINGLA,St. Stephens College,294/400,331/400,387/500,1012/1300,77.84615384615384
18080526008,SRISHTI GUPTA,St. Stephens College,284/400,280/400,358/500,922/1300,70.92307692307692
18080526004,KSHITIJ CHAUHAN,St. Stephens College,268/400,280/400,372/500,920/1300,70.76923076923077
18080526006,SHINO SHAJI K,St. Stephens College,258/400,264/400,358/500,880/1300,67.6923076923077
18080526002,ANANYA KAUSHIK,St. Stephens College,250/400,266/400,356/500,872/1300,67.07692307692308
18080526001,ALCEA SARA GEEVER,St. Stephens College,208/400,258/400,323/500,789/1300,60.69230769230769
18080526010,VALLARI SRIVASTAVA,St. Stephens College,279/400,36/400,338/500,653/1300,50.23076923076923
18080526003,DAMTHUIPOU KAMEI,St. Stephens College,134/400,227/400,284/500,645/1300,49.61538461538461
